10308,2014-09-18,2014-10-16,2014-09-24,Avda. de la Constitución 2222,México D.F.,05021,Mexico,Ana Trujillo Emparedados y helados
10365,2014-11-27,2014-12-25,2014-12-02,Mataderos  2312,México D.F.,05023,Mexico,Antonio Moreno Taquera
10507,2015-04-15,2015-05-13,2015-04-22,Mataderos  2312,México D.F.,05023,Mexico,Antonio Moreno Taquera
10535,2015-05-13,2015-06-10,2015-05-21,Mataderos  2312,México D.F.,05023,Mexico,Antonio Moreno Taquera
10573,2015-06-19,2015-07-17,2015-06-20,Mataderos  2312,México D.F.,05023,Mexico,Antonio Moreno Taquera
10558,2015-06-04,2015-07-02,2015-06-10,Brook Farm Stratford St. Mary,Colchester,CO7 6JX,UK,Around the Horn
10453,2015-02-21,2015-03-21,2015-02-26,Brook Farm Stratford St. Mary,Colchester,CO7 6JX,UK,Around the Horn
10383,2014-12-16,2015-01-13,2014-12-18,Brook Farm Stratford St. Mary,Colchester,CO7 6JX,UK,Around the Horn
10355,2014-11-15,2014-12-13,2014-11-20,Brook Farm Stratford St. Mary,Colchester,CO7 6JX,UK,Around the Horn
10384,2014-12-16,2015-01-13,2014-12-20,Berguvsvägen  8,Luleå,S-958 22,Sweden,Berglunds snabbkp
10278,2014-08-12,2014-09-09,2014-08-16,Berguvsvägen  8,Luleå,S-958 22,Sweden,Berglunds snabbkp
10280,2014-08-14,2014-09-11,2014-09-12,Berguvsvägen  8,Luleå,S-958 22,Sweden,Berglunds snabbkp
10444,2015-02-12,2015-03-12,2015-02-21,Berguvsvägen  8,Luleå,S-958 22,Sweden,Berglunds snabbkp
10445,2015-02-13,2015-03-13,2015-02-20,Berguvsvägen  8,Luleå,S-958 22,Sweden,Berglunds snabbkp
10524,2015-05-01,2015-05-29,2015-05-07,Berguvsvägen  8,Luleå,S-958 22,Sweden,Berglunds snabbkp
10572,2015-06-18,2015-07-16,2015-06-25,Berguvsvägen  8,Luleå,S-958 22,Sweden,Berglunds snabbkp
10582,2015-06-27,2015-07-25,2015-07-14,Forsterstr. 57,Mannheim,68306,Germany,Blauer See Delikatessen
10509,2015-04-17,2015-05-15,2015-04-29,Forsterstr. 57,Mannheim,68306,Germany,Blauer See Delikatessen
10538,2015-05-15,2015-06-12,2015-05-16,Fauntleroy Circus,London,EC2 5NT,UK,B's Beverages
10539,2015-05-16,2015-06-13,2015-05-23,Fauntleroy Circus,London,EC2 5NT,UK,B's Beverages
10471,2015-03-11,2015-04-08,2015-03-18,Fauntleroy Circus,London,EC2 5NT,UK,B's Beverages
10484,2015-03-24,2015-04-21,2015-04-01,Fauntleroy Circus,London,EC2 5NT,UK,B's Beverages
10289,2014-08-26,2014-09-23,2014-08-28,Fauntleroy Circus,London,EC2 5NT,UK,B's Beverages
10578,2015-06-24,2015-07-22,2015-07-25,Fauntleroy Circus,London,EC2 5NT,UK,B's Beverages
10599,2015-07-15,2015-08-26,2015-07-21,Fauntleroy Circus,London,EC2 5NT,UK,B's Beverages
10521,2015-04-29,2015-05-27,2015-05-02,Cerrito 333,Buenos Aires,1010,Argentina,Cactus Comidas para llevar
10259,2014-07-18,2014-08-15,2014-07-25,Sierras de Granada 9993,México D.F.,05022,Mexico,Centro comercial Moctezuma
10254,2014-07-11,2014-08-08,2014-07-23,Hauptstr. 31,Bern,3012,Switzerland,Chop-suey Chinese
10370,2014-12-03,2014-12-31,2014-12-27,Hauptstr. 31,Bern,3012,Switzerland,Chop-suey Chinese
10519,2015-04-28,2015-05-26,2015-05-01,Hauptstr. 31,Bern,3012,Switzerland,Chop-suey Chinese
10462,2015-03-03,2015-03-31,2015-03-18,Berkeley Gardens 12  Brewery,London,WX1 6LT,UK,Consolidated Holdings
10435,2015-02-04,2015-03-18,2015-02-07,Berkeley Gardens 12  Brewery,London,WX1 6LT,UK,Consolidated Holdings
10363,2014-11-26,2014-12-24,2014-12-04,Walserweg 21,Aachen,52066,Germany,Drachenblut Delikatessen
10391,2014-12-23,2015-01-20,2014-12-31,Walserweg 21,Aachen,52066,Germany,Drachenblut Delikatessen
10311,2014-09-20,2014-10-04,2014-09-26,"67, rue des Cinquante Otages",Nantes,44000,France,Du monde entier
10364,2014-11-26,2015-01-07,2014-12-04,35 King George,London,WX3 6FW,UK,Eastern Connection
10400,2015-01-01,2015-01-29,2015-01-16,35 King George,London,WX3 6FW,UK,Eastern Connection
10532,2015-05-09,2015-06-06,2015-05-12,35 King George,London,WX3 6FW,UK,Eastern Connection
10514,2015-04-22,2015-05-20,2015-05-16,Kirchgasse 6,Graz,8010,Austria,Ernst Handel
10402,2015-01-02,2015-02-13,2015-01-10,Kirchgasse 6,Graz,8010,Austria,Ernst Handel
10403,2015-01-03,2015-01-31,2015-01-09,Kirchgasse 6,Graz,8010,Austria,Ernst Handel
10430,2015-01-30,2015-02-13,2015-02-03,Kirchgasse 6,Graz,8010,Austria,Ernst Handel
10442,2015-02-11,2015-03-11,2015-02-18,Kirchgasse 6,Graz,8010,Austria,Ernst Handel
10368,2014-11-29,2014-12-27,2014-12-02,Kirchgasse 6,Graz,8010,Austria,Ernst Handel
10390,2014-12-23,2015-01-20,2014-12-26,Kirchgasse 6,Graz,8010,Austria,Ernst Handel
10382,2014-12-13,2015-01-10,2014-12-16,Kirchgasse 6,Graz,8010,Austria,Ernst Handel
10351,2014-11-11,2014-12-09,2014-11-20,Kirchgasse 6,Graz,8010,Austria,Ernst Handel
10258,2014-07-17,2014-08-14,2014-07-23,Kirchgasse 6,Graz,8010,Austria,Ernst Handel
10263,2014-07-23,2014-08-20,2014-07-31,Kirchgasse 6,Graz,8010,Austria,Ernst Handel
10595,2015-07-10,2015-08-07,2015-07-14,Kirchgasse 6,Graz,8010,Austria,Ernst Handel
10571,2015-06-17,2015-07-29,2015-07-04,Kirchgasse 6,Graz,8010,Austria,Ernst Handel
10408,2015-01-08,2015-02-05,2015-01-14,"184, chaussée de Tournai",Lille,59000,France,Folies urmandes
10480,2015-03-20,2015-04-17,2015-03-24,"184, chaussée de Tournai",Lille,59000,France,Folies urmandes
10533,2015-05-12,2015-06-09,2015-05-22,Åkergatan 24,Bräcke,S-844 67,Sweden,Folk och f HB
10434,2015-02-03,2015-03-03,2015-02-13,Åkergatan 24,Bräcke,S-844 67,Sweden,Folk och f HB
10460,2015-02-28,2015-03-28,2015-03-03,Åkergatan 24,Bräcke,S-844 67,Sweden,Folk och f HB
10264,2014-07-24,2014-08-21,2014-08-23,Åkergatan 24,Bräcke,S-844 67,Sweden,Folk och f HB
10327,2014-10-11,2014-11-08,2014-10-14,Åkergatan 24,Bräcke,S-844 67,Sweden,Folk och f HB
10378,2014-12-10,2015-01-07,2014-12-19,Åkergatan 24,Bräcke,S-844 67,Sweden,Folk och f HB
10561,2015-06-06,2015-07-04,2015-06-09,Åkergatan 24,Bräcke,S-844 67,Sweden,Folk och f HB
10560,2015-06-06,2015-07-04,2015-06-09,Berliner Platz 43,München,80805,Germany,Frankenversand
10337,2014-10-24,2014-11-21,2014-10-29,Berliner Platz 43,München,80805,Germany,Frankenversand
10342,2014-10-30,2014-11-13,2014-11-04,Berliner Platz 43,München,80805,Germany,Frankenversand
10267,2014-07-29,2014-08-26,2014-08-06,Berliner Platz 43,München,80805,Germany,Frankenversand
10396,2014-12-27,2015-01-10,2015-01-06,Berliner Platz 43,München,80805,Germany,Frankenversand
10488,2015-03-27,2015-04-24,2015-04-02,Berliner Platz 43,München,80805,Germany,Frankenversand
10422,2015-01-22,2015-02-19,2015-01-31,Via Monte Bianco 34,Torino,10100,Italy,Franchi S.p.A.
10464,2015-03-04,2015-04-01,2015-03-14,Jardim das rosas n. 32,Lisboa,1675,Portugal,Furia Bacalhau e Frutos do Mar
10491,2015-03-31,2015-04-28,2015-04-08,Jardim das rosas n. 32,Lisboa,1675,Portugal,Furia Bacalhau e Frutos do Mar
10352,2014-11-12,2014-11-26,2014-11-18,Jardim das rosas n. 32,Lisboa,1675,Portugal,Furia Bacalhau e Frutos do Mar
10328,2014-10-14,2014-11-11,2014-10-17,Jardim das rosas n. 32,Lisboa,1675,Portugal,Furia Bacalhau e Frutos do Mar
10551,2015-05-28,2015-07-09,2015-06-06,Jardim das rosas n. 32,Lisboa,1675,Portugal,Furia Bacalhau e Frutos do Mar
10568,2015-06-13,2015-07-11,2015-07-09,"Rambla de Cataluña, 23",Barcelona,8022,Spain,Galera del gastrnomo
10366,2014-11-28,2015-01-09,2014-12-30,"Rambla de Cataluña, 23",Barcelona,8022,Spain,Galera del gastrnomo
10426,2015-01-27,2015-02-24,2015-02-06,"Rambla de Cataluña, 23",Barcelona,8022,Spain,Galera del gastrnomo
10303,2014-09-11,2014-10-09,2014-09-18,"C/ Romero, 33",Sevilla,41101,Spain,dos Cocina Tpica
10550,2015-05-28,2015-06-25,2015-06-06,"C/ Romero, 33",Sevilla,41101,Spain,dos Cocina Tpica
10542,2015-05-20,2015-06-17,2015-05-26,Maubelstr. 90,Brandenburg,14776,Germany,Kniglich Essen
10323,2014-10-07,2014-11-04,2014-10-14,Maubelstr. 90,Brandenburg,14776,Germany,Kniglich Essen
10325,2014-10-09,2014-10-23,2014-10-14,Maubelstr. 90,Brandenburg,14776,Germany,Kniglich Essen
10456,2015-02-25,2015-04-08,2015-02-28,Maubelstr. 90,Brandenburg,14776,Germany,Kniglich Essen
10457,2015-02-25,2015-03-25,2015-03-03,Maubelstr. 90,Brandenburg,14776,Germany,Kniglich Essen
10468,2015-03-07,2015-04-04,2015-03-12,Maubelstr. 90,Brandenburg,14776,Germany,Kniglich Essen
10506,2015-04-15,2015-05-13,2015-05-02,Maubelstr. 90,Brandenburg,14776,Germany,Kniglich Essen
10500,2015-04-09,2015-05-07,2015-04-17,1 rue Alsace-Lorraine,Toulouse,31000,France,La maison d'Asie
10493,2015-04-02,2015-04-30,2015-04-10,1 rue Alsace-Lorraine,Toulouse,31000,France,La maison d'Asie
10454,2015-02-21,2015-03-21,2015-02-25,1 rue Alsace-Lorraine,Toulouse,31000,France,La maison d'Asie
10425,2015-01-24,2015-02-21,2015-02-14,1 rue Alsace-Lorraine,Toulouse,31000,France,La maison d'Asie
10413,2015-01-14,2015-02-11,2015-01-16,1 rue Alsace-Lorraine,Toulouse,31000,France,La maison d'Asie
10350,2014-11-11,2014-12-09,2014-12-03,1 rue Alsace-Lorraine,Toulouse,31000,France,La maison d'Asie
10358,2014-11-20,2014-12-18,2014-11-27,1 rue Alsace-Lorraine,Toulouse,31000,France,La maison d'Asie
10371,2014-12-03,2014-12-31,2014-12-24,1 rue Alsace-Lorraine,Toulouse,31000,France,La maison d'Asie
10343,2014-10-31,2014-11-28,2014-11-06,Magazinweg 7,Frankfurt a.M.,60528,Germany,Lehmanns Marktstand
10284,2014-08-19,2014-09-16,2014-08-27,Magazinweg 7,Frankfurt a.M.,60528,Germany,Lehmanns Marktstand
10279,2014-08-13,2014-09-10,2014-08-16,Magazinweg 7,Frankfurt a.M.,60528,Germany,Lehmanns Marktstand
10497,2015-04-04,2015-05-02,2015-04-07,Magazinweg 7,Frankfurt a.M.,60528,Germany,Lehmanns Marktstand
10534,2015-05-12,2015-06-09,2015-05-14,Magazinweg 7,Frankfurt a.M.,60528,Germany,Lehmanns Marktstand
10522,2015-04-30,2015-05-28,2015-05-06,Magazinweg 7,Frankfurt a.M.,60528,Germany,Lehmanns Marktstand
10536,2015-05-14,2015-06-11,2015-06-06,Magazinweg 7,Frankfurt a.M.,60528,Germany,Lehmanns Marktstand
10557,2015-06-03,2015-06-17,2015-06-06,Magazinweg 7,Frankfurt a.M.,60528,Germany,Lehmanns Marktstand
